INSERT INTO CATEGORY (CATEGORY_NAME, IS_ACTIVE, CATEGORY_PATH) VALUES
('Smartphones', true, 'eletronics/smartphones'),
('Laptops', true, 'eletronics/laptops'),
('Headphones', true, 'eletronics/headphones'),
('Smart TVs', true, 'eletronics/smart-tvs'),
('Digital Cameras', true, 'eletronics/digital-cameras'),
('Gaming Consoles', true, 'eletronics/gaming-consoles'),
('Tablets', true, 'eletronics/tablets'),
('Printers', true, 'eletronics/printers'),
('Wearables', true, 'eletronics/wearables'),
('Audio Speakers', true, 'eletronics/audio-speakers'),
('External Hard Drives', true, 'eletronics/external-hard-drives'),
('Graphic Cards', true, 'eletronics/graphic-cards'),
('Home Security Cameras', true, 'eletronics/home-security-cameras'),
('VR Headsets', true, 'eletronics/vr-headsets'),
('Smart Home Devices', true, 'eletronics/smart-home-devices'),
('Drones', true, 'eletronics/drones'),
('Projectors', true, 'eletronics/projectors'),
('Networking Equipment', true, 'eletronics/networking-equipment'),
('Computer Accessories', true, 'eletronics/computer-accessories'),
('Robot Vacuums', true, 'eletronics/robot-vacuums');

INSERT INTO CLIENT (CLIENT_NAME, CLIENT_CPF, CLIENT_EMAIL, CLIENT_PHONE, IS_ACTIVE) VALUES
('Maria Silva', '12345678901', 'maria.silva@email.com', '+55 11 98765-4321', true),
('João Oliveira', '98765432109', 'joao.oliveira@email.com', '+55 21 98765-4321', true),
('Ana Santos', '45678901234', 'ana.santos@email.com', '+55 31 98765-4321', true),
('Carlos Souza', '78901234567', 'carlos.souza@email.com', '+55 41 98765-4321', true),
('Patrícia Lima', '23456789012', 'patricia.lima@email.com', '+55 51 98765-4321', true),
('Lucas Pereira', '89012345678', 'lucas.pereira@email.com', '+55 61 98765-4321', true),
('Fernanda Costa', '34567890123', 'fernanda.costa@email.com', '+55 71 98765-4321', true),
('Rafaela Rocha', '90123456789', 'rafaela.rocha@email.com', '+55 81 98765-4321', true),
('Mateus Santos', '56789012345', 'mateus.santos@email.com', '+55 91 98765-4321', true),
('Eduardo Lima', '12345678901', 'eduardo.lima@email.com', '+55 12 98765-4321', true),
('Camila Oliveira', '98765432109', 'camila.oliveira@email.com', '+55 22 98765-4321', true),
('Rodrigo Souza', '45678901234', 'rodrigo.souza@email.com', '+55 32 98765-4321', true),
('Amanda Santos', '78901234567', 'amanda.santos@email.com', '+55 42 98765-4321', true),
('Gustavo Lima', '23456789012', 'gustavo.lima@email.com', '+55 52 98765-4321', true),
('Larissa Pereira', '89012345678', 'larissa.pereira@email.com', '+55 62 98765-4321', true),
('Marcelo Costa', '34567890123', 'marcelo.costa@email.com', '+55 72 98765-4321', true),
('Vanessa Rocha', '90123456789', 'vanessa.rocha@email.com', '+55 82 98765-4321', true),
('Paulo Santos', '56789012345', 'paulo.santos@email.com', '+55 92 98765-4321', true),
('Sandra Lima', '12345678901', 'sandra.lima@email.com', '+55 13 98765-4321', true),
('Leandro Oliveira', '98765432109', 'leandro.oliveira@email.com', '+55 23 98765-4321', true);

INSERT INTO CLIENT_ADDRESS (ADDRESS_NAME, ADDRESS, ADDRESS_NUMBER, ADDRESS_POSTAL_CODE, ADDRESS_CITY, ADDRESS_STATE, ADDRESS_COUNTRY, CLIENT_ID, CLIENT_NAME) VALUES
('Casa Principal', 'Rua Principal', 123, '12345-678', 'Cidade Principal', 'Estado Principal', 'País Principal', 1, 'Maria Silva'),
('Escritório', 'Avenida Comercial', 456, '54321-876', 'Cidade Comercial', 'Estado Comercial', 'País Comercial', 2, 'João Oliveira'),
('Apartamento', 'Beco do Centro', 789, '87654-321', 'Cidade do Centro', 'Estado do Centro', 'País do Centro', 3, 'Ana Santos'),
('Casa de Campo', 'Estrada Rural', 101, '65432-109', 'Cidade Rural', 'Estado Rural', 'País Rural', 4, 'Carlos Souza'),
('Apartamento Luxo', 'Avenida Chique', 202, '98765-432', 'Cidade Chique', 'Estado Chique', 'País Chique', 5, 'Patrícia Lima'),
('Cobertura', 'Rua da Cobertura', 303, '23456-789', 'Cidade Cobertura', 'Estado Cobertura', 'País Cobertura', 6, 'Lucas Pereira'),
('Casa na Praia', 'Avenida Beira-Mar', 404, '87654-321', 'Cidade Praia', 'Estado Praia', 'País Praia', 7, 'Fernanda Costa'),
('Apartamento Vista Mar', 'Rua da Vista Mar', 505, '10987-654', 'Cidade Vista Mar', 'Estado Vista Mar', 'País Vista Mar', 8, 'Rafaela Rocha'),
('Chalé Montanha', 'Rua da Montanha', 606, '54321-098', 'Cidade Montanha', 'Estado Montanha', 'País Montanha', 9, 'Mateus Santos'),
('Casa na Floresta', 'Trilha da Floresta', 707, '21098-765', 'Cidade Floresta', 'Estado Floresta', 'País Floresta', 10, 'Eduardo Lima'),
('Apartamento Executivo', 'Avenida Executiva', 808, '87654-321', 'Cidade Executiva', 'Estado Executivo', 'País Executivo', 11, 'Camila Oliveira'),
('Cobertura Skyline', 'Rua Skyline', 909, '54321-098', 'Cidade Skyline', 'Estado Skyline', 'País Skyline', 12, 'Rodrigo Souza'),
('Casa na Colina', 'Rua da Colina', 1010, '10987-654', 'Cidade Colina', 'Estado Colina', 'País Colina', 13, 'Amanda Santos'),
('Apartamento Moderno', 'Avenida Moderna', 1111, '21098-765', 'Cidade Moderna', 'Estado Moderno', 'País Moderno', 14, 'Gustavo Lima'),
('Casa de Veraneio', 'Estrada Veraneio', 1212, '87654-321', 'Cidade Veraneio', 'Estado Veraneio', 'País Veraneio', 15, 'Larissa Pereira'),
('Penthouse', 'Avenida Top', 1313, '54321-098', 'Cidade Top', 'Estado Top', 'País Top', 16, 'Marcelo Costa'),
('Apartamento Duplex', 'Rua Duplex', 1414, '10987-654', 'Cidade Duplex', 'Estado Duplex', 'País Duplex', 17, 'Vanessa Rocha'),
('Casa na Serra', 'Estrada da Serra', 1515, '21098-765', 'Cidade Serra', 'Estado Serra', 'País Serra', 18, 'Paulo Santos'),
('Chalé de Inverno', 'Trilha do Inverno', 1616, '87654-321', 'Cidade Inverno', 'Estado Inverno', 'País Inverno', 19, 'Sandra Lima'),
('Apartamento Panorâmico', 'Avenida Panorâmica', 1717, '54321-098', 'Cidade Panorâmica', 'Estado Panorâmico', 'País Panorâmico', 20, 'Leandro Oliveira');

INSERT INTO PAYMENT_METHOD (PAYMENT_METHOD, CREDIT_CARD_BRAND, CARD_NUMBER, CARD_HOLDER, EXPIRATION_DATE, SECURITY_CODE, IS_ACTIVE, CLIENT_ID) VALUES
('Cartão de Crédito', 'Visa', '4111111111111111', 'Maria Silva', '2025-12-31', 123, true, 1),
('Cartão de Débito', 'MasterCard', '5105105105105100', 'João Oliveira', '2026-06-30', 456, true, 2),
('Cartão de Crédito', 'American Express', '378282246310005', 'Ana Santos', '2027-03-31', 789, true, 3),
('Cartão de Crédito', 'Visa', '4111111111111111', 'Carlos Souza', '2024-11-30', 234, true, 4),
('Cartão de Débito', 'MasterCard', '5105105105105100', 'Patrícia Lima', '2026-08-31', 567, true, 5),
('Cartão de Crédito', 'American Express', '378282246310005', 'Lucas Pereira', '2025-02-28', 890, true, 6),
('Cartão de Débito', 'Visa', '4111111111111111', 'Fernanda Costa', '2026-12-31', 123, true, 7),
('Cartão de Crédito', 'MasterCard', '5105105105105100', 'Rafaela Rocha', '2027-09-30', 456, true, 8),
('Cartão de Crédito', 'American Express', '378282246310005', 'Mateus Santos', '2024-07-31', 789, true, 9),
('Cartão de Crédito', 'Visa', '4111111111111111', 'Eduardo Lima', '2025-04-30', 234, true, 10),
('Cartão de Débito', 'MasterCard', '5105105105105100', 'Camila Oliveira', '2026-10-31', 567, true, 11),
('Cartão de Crédito', 'American Express', '378282246310005', 'Rodrigo Souza', '2024-03-31', 890, true, 12),
('Cartão de Débito', 'Visa', '4111111111111111', 'Amanda Santos', '2027-07-31', 123, true, 13),
('Cartão de Crédito', 'MasterCard', '5105105105105100', 'Gustavo Lima', '2025-01-31', 456, true, 14),
('Cartão de Crédito', 'American Express', '378282246310005', 'Larissa Pereira', '2026-05-31', 789, true, 15),
('Cartão de Débito', 'Visa', '4111111111111111', 'Marcelo Costa', '2027-02-28', 234, true, 16),
('Cartão de Crédito', 'MasterCard', '5105105105105100', 'Vanessa Rocha', '2025-10-31', 567, true, 17),
('Cartão de Crédito', 'American Express', '378282246310005', 'Paulo Santos', '2026-04-30', 890, true, 18),
('Cartão de Crédito', 'Visa', '4111111111111111', 'Sandra Lima', '2024-09-30', 123, true, 19),
('Cartão de Débito', 'MasterCard', '5105105105105100', 'Leandro Oliveira', '2025-08-31', 456, true, 20);

INSERT INTO USER_CREDENTIALS (USER_LOGIN, USER_PASSWORD, CLIENT_ID, USER_EMAIL, USER_TYPE) VALUES
('maria_silva', '$2a$10$yeV5a8/TFkzEYYVsXsIquOnHzuF24QkQ2TZ5a6KK5WM0wTR0NWSui', 1, 'maria_silva@email.com', 'CUSTOMER'),
('joao_oliveira', '$2a$10$EwUeHWmc0zvouHq/6RKpsuRFlBBiee1yeLxxT5Uxq0V7pMtTnpznK', 2, 'joao_oliveira@email.com', 'CUSTOMER'),
('ana_santos', '$2a$10$04dajH5rlZrmvM5G8KWvm.AZPNXrI2RwLgeFI5lAbh2UOnjNVEjAi', 3, 'ana_santos@email.com', 'CUSTOMER'),
('carlos_souza', '$2a$10$5PfwjKf3gQnBLjDYsWyxtOWC1aE.qwRe5QBoe5yFE9GnvV7nIoztm', 4, 'carlos_souza@email.com', 'CUSTOMER'),
('patricia_lima', '$2a$10$0I49a9Ma5l1NmAxPjQYVXeLwnl.v37JYGxFYQzUu07nHCDZHY.cpi', 5, 'patricia_lima@email.com', 'CUSTOMER'),
('lucas_pereira', '$2a$10$pZ7M6wW4kUBqoqVXLM3Vc.pUNdaj9pjCSiea6p7sN4CeIxu5YwXJu', 6, 'lucas_pereira@email.com', 'CUSTOMER'),
('fernanda_costa', '$2a$10$Y7BQJ6gtUjJxg0eZki18y.R6JHOYk7MmMD/TTi3Pl1JrViq0MmuF.', 7, 'fernanda_costa@email.com', 'CUSTOMER'),
('rafaela_rocha', '$2a$10$Tn.5W5.d2GiHJvyVHK.wPulHZtM3mEziTWfeK11p2BgsSQWYKK5ZG', 8, 'rafaela_rocha@email.com', 'CUSTOMER'),
('mateus_santos', '$2a$10$Kbck5xei2PvQGLFUQvA7n.yDAcJU.cD07LOUb.rHxqu0nHutPhOFe', 9, 'mateus_santos@email.com', 'CUSTOMER'),
('eduardo_lima', '$2a$10$A0i1mDeuv8.9uq0E95k9ROoJHPw6oW5kKMP9udgKu9S0V1SZXXGGq', 10, 'eduardo_lima@email.com', 'CUSTOMER'),
('camila_oliveira', '$2a$10$7sN8IhD7a8sI5GKVd3bSMe9p9/x2H6fZ2cLgPXZpJh.4I4KU57iHq', 11, 'camila_oliveira@email.com', 'CUSTOMER'),
('rodrigo_souza', '$2a$10$XbCdmmChGXV8lODAtYw.VOg6Z1Z4ddEzV/lRHIp7Y8As8GPGusdwC', 12, 'rodrigo_souza@email.com', 'CUSTOMER'),
('amanda_santos', '$2a$10$ubBFDZ9yE/F9nuw1LO.D/.LbNS2z.Yr/yvAeFTs8s5UJ2yDEh4SLO', 13, 'amanda_santos@email.com', 'CUSTOMER'),
('gustavo_lima', '$2a$10$ODwT.ZutLWv.dsfjCbfjceHPVbh1fBr9lWAMVTpLQsoTVuCrqZnCW', 14, 'gustavo_lima@email.com', 'CUSTOMER'),
('larissa_pereira', '$2a$10$fNWtFuNxn3yjcbOK61NWzusMjwEG9bkD4/dGYNrXTWGe4th.GGR2u', 15, 'larissa_pereira@email.com', 'CUSTOMER'),
('marcelo_costa', '$2a$10$9mi0i1uKbZGtNT2hPDRF/OHzcVs/PG.d3aFy7D/Zye0Vn0tBwS9MC', 16, 'marcelo_costa@email.com', 'CUSTOMER'),
('vanessa_rocha', '$2a$10$jHrXkMX3Wq8P85QqrEFiI.xdLVzAgF1OGbwn.5Mj8qr9WJQq35CZu', 17, 'vanessa_rocha@email.com', 'CUSTOMER'),
('paulo_santos', '$2a$10$g8K3eMmMENFqY46lEn2qA.nGrdfnUU.EBWCh/VnA0hEHNUeY9J5GW', 18, 'paulo_santos@email.com', 'CUSTOMER'),
('sandra_lima', '$2a$10$nyZ2RTZyT9EmeHx5hAIa0OX6QklBmL2GcbLkpBTmkjKqEcllm1S.i', 19, 'sandra_lima@email.com', 'CUSTOMER'),
('leandro_oliveira', '$2a$10$jH2LfdtDf2OZaUxQ.ABqrub4IMl4SxqIfnA.LJtF8XbqPOfNSkZZq', 20, 'leandro_oliveira@email.com', 'CUSTOMER');

-- Dados fictícios para a entidade Product
INSERT INTO PRODUCT (PRODUCT_NAME, PRODUCT_DESCRIPTION, PRODUCT_PRICE, STOCK_QUANTITY, PRODUCT_BRAND, PRODUCT_WEIGHT, PRODUCT_ADD_DATE, CATEGORY_ID, CATEGORY_NAME, CATEGORY_PATH) VALUES
('Smartphone Galaxy S20', 'O melhor smartphone para fotos e vídeos', 1200.00, 50, 'Samsung', 0.3, '2022-01-15', 1, 'Eletrônicos', 'Eletrônicos/Smartphones'),
('Notebook Dell XPS 13', 'Notebook ultraleve e potente', 1800.00, 30, 'Dell', 1.2, '2022-01-15', 2, 'Eletrônicos', 'Eletrônicos/Computadores'),
('Smart TV Sony Bravia 55"', 'Imagem 4K e sistema Android TV', 1500.00, 20, 'Sony', 18.5, '2022-01-15', 3, 'Eletrônicos', 'Eletrônicos/TVs'),
('Câmera Canon EOS R5', 'Câmera mirrorless profissional', 3500.00, 15, 'Canon', 1.0, '2022-01-15', 4, 'Eletrônicos', 'Eletrônicos/Câmeras'),
('Console PlayStation 5', 'O mais recente console da Sony', 500.00, 25, 'Sony', 4.0, '2022-01-15', 5, 'Eletrônicos', 'Eletrônicos/Consoles'),
('Fones de Ouvido Apple AirPods Pro', 'Cancelamento de ruído e áudio de alta qualidade', 250.00, 40, 'Apple', 0.1, '2022-01-15', 6, 'Eletrônicos', 'Eletrônicos/Acessórios'),
('Monitor LG UltraWide 34"', 'Monitor ultrawide para produtividade', 600.00, 10, 'LG', 5.5, '2022-01-15', 7, 'Eletrônicos', 'Eletrônicos/Monitores'),
('Impressora HP LaserJet Pro', 'Impressora laser para escritório', 300.00, 15, 'HP', 8.0, '2022-01-15', 8, 'Eletrônicos', 'Eletrônicos/Impressoras'),
('Mouse Logitech MX Master 3', 'Mouse ergonômico e de alta precisão', 80.00, 50, 'Logitech', 0.2, '2022-01-15', 9, 'Eletrônicos', 'Eletrônicos/Acessórios'),
('Teclado Mecânico Corsair K95', 'Teclado mecânico para gamers', 120.00, 30, 'Corsair', 1.5, '2022-01-15', 10, 'Eletrônicos', 'Eletrônicos/Acessórios'),
('Smartphone iPhone 13 Pro', 'Desempenho incrível e câmera avançada', 1300.00, 30, 'Apple', 0.35, '2022-01-15', 1, 'Eletrônicos', 'Eletrônicos/Smartphones'),
('Notebook HP Spectre x360', 'Design elegante e versatilidade', 1600.00, 25, 'HP', 1.3, '2022-01-15', 2, 'Eletrônicos', 'Eletrônicos/Computadores'),
('Smart TV LG OLED 65"', 'Qualidade de imagem OLED e webOS', 2000.00, 15, 'LG', 22.0, '2022-01-15', 3, 'Eletrônicos', 'Eletrônicos/TVs'),
('Câmera Nikon D850', 'Câmera DSLR de alta resolução', 3200.00, 10, 'Nikon', 1.2, '2022-01-15', 4, 'Eletrônicos', 'Eletrônicos/Câmeras'),
('Console Xbox Series X', 'Desfrute de jogos de última geração', 450.00, 20, 'Microsoft', 4.2, '2022-01-15', 5, 'Eletrônicos', 'Eletrônicos/Consoles'),
('Fones de Ouvido Sony WH-1000XM4', 'Cancelamento de ruído premium', 300.00, 35, 'Sony', 0.3, '2022-01-15', 6, 'Eletrônicos', 'Eletrônicos/Acessórios'),
('Monitor ASUS ROG Swift 27"', 'Monitor gamer com taxa de atualização alta', 700.00, 8, 'ASUS', 7.0, '2022-01-15', 7, 'Eletrônicos', 'Eletrônicos/Monitores'),
('Impressora Epson EcoTank L3150', 'Impressora com tanque de tinta recarregável', 250.00, 18, 'Epson', 5.0, '2022-01-15', 8, 'Eletrônicos', 'Eletrônicos/Impressoras'),
('Mouse SteelSeries Rival 600', 'Mouse para jogos com sensor duplo', 70.00, 40, 'SteelSeries', 0.15, '2022-01-15', 9, 'Eletrônicos', 'Eletrônicos/Acessórios'),
('Teclado Razer BlackWidow Elite', 'Teclado mecânico para gamers', 140.00, 22, 'Razer', 1.8, '2022-01-15', 10, 'Eletrônicos', 'Eletrônicos/Acessórios'),
('Câmera GoPro HERO9 Black', 'Câmera de ação com qualidade 5K', 450.00, 12, 'GoPro', 0.25, '2022-01-15', 4, 'Eletrônicos', 'Eletrônicos/Câmeras'),
('Console Nintendo Switch', 'Console híbrido para jogos em casa e portátil', 350.00, 28, 'Nintendo', 0.9, '2022-01-15', 5, 'Eletrônicos', 'Eletrônicos/Consoles'),
('Fones de Ouvido Bose QuietComfort 35 II', 'Cancelamento de ruído e conforto', 280.00, 25, 'Bose', 0.3, '2022-01-15', 6, 'Eletrônicos', 'Eletrônicos/Acessórios'),
('Monitor Dell UltraSharp 27"', 'Monitor profissional para design', 800.00, 15, 'Dell', 6.5, '2022-01-15', 7, 'Eletrônicos', 'Eletrônicos/Monitores'),
('Impressora Canon PIXMA TS8320', 'Impressora jato de tinta para fotos', 200.00, 20, 'Canon', 4.0, '2022-01-15', 8, 'Eletrônicos', 'Eletrônicos/Impressoras'),
('Mouse Microsoft Surface Precision', 'Mouse ergonômico para produtividade', 90.00, 35, 'Microsoft', 0.2, '2022-01-15', 9, 'Eletrônicos', 'Eletrônicos/Acessórios'),
('Teclado Logitech G Pro X', 'Teclado mecânico modular para gamers', 130.00, 18, 'Logitech', 1.6, '2022-01-15', 10, 'Eletrônicos', 'Eletrônicos/Acessórios');
